plateID,wellID,name,Population,Count,ParentCount,PercentParent,RootCount,PercentRoot
A,A01,A01_001_20230314_131607.fcs,/Debris,46119,50000,92.238,50000,92.238
A,A01,A01_001_20230314_131607.fcs,/Debris/Singlets,43676,46119,94.70283397298293,50000,87.35199999999999
A,A01,A01_001_20230314_131607.fcs,/Debris/Singlets/Live,42629,43676,97.60280245443722,50000,85.258
B,A01,A01_002_20230314_135353.fcs,/Debris,46437,50000,92.874,50000,92.874
B,A01,A01_002_20230314_135353.fcs,/Debris/Singlets,43795,46437,94.31057131166958,50000,87.59
B,A01,A01_002_20230314_135353.fcs,/Debris/Singlets/Live,43505,43795,99.337823952506,50000,87.01
C,A01,A01_003_20230314_144705.fcs,/Debris,46032,50000,92.06400000000001,50000,92.06400000000001
C,A01,A01_003_20230314_144705.fcs,/Debris/Singlets,43330,46032,94.1301703163017,50000,86.66
C,A01,A01_003_20230314_144705.fcs,/Debris/Singlets/Live,42970,43330,99.16916685898916,50000,85.94000000000001
A,A02,A02_001_20230314_131636.fcs,/Debris,46487,50000,92.974,50000,92.974
A,A02,A02_001_20230314_131636.fcs,/Debris/Singlets,43978,46487,94.6027921784585,50000,87.956
A,A02,A02_001_20230314_131636.fcs,/Debris/Singlets/Live,43633,43978,99.21551684933377,50000,87.266
B,A02,A02_002_20230314_135422.fcs,/Debris,46315,50000,92.63,50000,92.63
B,A02,A02_002_20230314_135422.fcs,/Debris/Singlets,43730,46315,94.41865486343517,50000,87.46000000000001
B,A02,A02_002_20230314_135422.fcs,/Debris/Singlets/Live,43431,43730,99.31625886119369,50000,86.862
C,A02,A02_003_20230314_144735.fcs,/Debris,46403,50000,92.806,50000,92.806
C,A02,A02_003_20230314_144735.fcs,/Debris/Singlets,43930,46403,94.67060319375904,50000,87.86
C,A02,A02_003_20230314_144735.fcs,/Debris/Singlets/Live,43658,43930,99.3808331436376,50000,87.316
A,A03,A03_001_20230314_131704.fcs,/Debris,46198,50000,92.396,50000,92.396
A,A03,A03_001_20230314_131704.fcs,/Debris/Singlets,43927,46198,95.0842027793411,50000,87.854
A,A03,A03_001_20230314_131704.fcs,/Debris/Singlets/Live,43433,43927,98.87540692512577,50000,86.866
B,A03,A03_002_20230314_135450.fcs,/Debris,46329,50000,92.658,50000,92.658
B,A03,A03_002_20230314_135450.fcs,/Debris/Singlets,44080,46329,95.14558915582033,50000,88.16000000000001
B,A03,A03_002_20230314_135450.fcs,/Debris/Singlets/Live,43796,44080,99.3557168784029,50000,87.592
C,A03,A03_003_20230314_144803.fcs,/Debris,46565,50000,93.13,50000,93.13
C,A03,A03_003_20230314_144803.fcs,/Debris/Singlets,44055,46565,94.60968538601954,50000,88.11
C,A03,A03_003_20230314_144803.fcs,/Debris/Singlets/Live,43821,44055,99.4688457609806,50000,87.642
A,A04,A04_001_20230314_131734.fcs,/Debris,46070,50000,92.14,50000,92.14
A,A04,A04_001_20230314_131734.fcs,/Debris/Singlets,43384,46070,94.16974169741698,50000,86.768
A,A04,A04_001_20230314_131734.fcs,/Debris/Singlets/Live,42694,43384,98.40955190853771,50000,85.38799999999999
B,A04,A04_002_20230314_135519.fcs,/Debris,46447,50000,92.894,50000,92.894
B,A04,A04_002_20230314_135519.fcs,/Debris/Singlets,43704,46447,94.0943440911146,50000,87.408
B,A04,A04_002_20230314_135519.fcs,/Debris/Singlets/Live,43427,43704,99.36619073768992,50000,86.854
C,A04,A04_003_20230314_144832.fcs,/Debris,46320,50000,92.64,50000,92.64
C,A04,A04_003_20230314_144832.fcs,/Debris/Singlets,43561,46320,94.04360967184802,50000,87.122
C,A04,A04_003_20230314_144832.fcs,/Debris/Singlets/Live,43248,43561,99.28146736759946,50000,86.496
A,A05,A05_001_20230314_131815.fcs,/Debris,32489,35533,91.43331550952635,35533,91.43331550952635
A,A05,A05_001_20230314_131815.fcs,/Debris/Singlets,30598,32489,94.17956846932807,35533,86.11150198407115
A,A05,A05_001_20230314_131815.fcs,/Debris/Singlets/Live,29799,30598,97.38871821687692,35533,83.86288801958742
B,A05,A05_002_20230314_135549.fcs,/Debris,46224,50000,92.448,50000,92.448
B,A05,A05_002_20230314_135549.fcs,/Debris/Singlets,43620,46224,94.36656282450674,50000,87.24
B,A05,A05_002_20230314_135549.fcs,/Debris/Singlets/Live,43257,43620,99.1678129298487,50000,86.514
C,A05,A05_003_20230314_144902.fcs,/Debris,46395,50000,92.78999999999999,50000,92.78999999999999
C,A05,A05_003_20230314_144902.fcs,/Debris/Singlets,43580,46395,93.93253583360276,50000,87.16000000000001
C,A05,A05_003_20230314_144902.fcs,/Debris/Singlets/Live,43266,43580,99.27948600275356,50000,86.532
A,A06,A06_001_20230314_132013.fcs,/Debris,46355,50000,92.71000000000001,50000,92.71000000000001
A,A06,A06_001_20230314_132013.fcs,/Debris/Singlets,44037,46355,94.99946068385287,50000,88.074
A,A06,A06_001_20230314_132013.fcs,/Debris/Singlets/Live,42344,44037,96.15550559756568,50000,84.688
B,A06,A06_002_20230314_135619.fcs,/Debris,45971,50000,91.94200000000001,50000,91.94200000000001
B,A06,A06_002_20230314_135619.fcs,/Debris/Singlets,43733,45971,95.1317134715364,50000,87.466
B,A06,A06_002_20230314_135619.fcs,/Debris/Singlets/Live,43176,43733,98.72636224361466,50000,86.35199999999999
C,A06,A06_003_20230314_144930.fcs,/Debris,46548,50000,93.096,50000,93.096
C,A06,A06_003_20230314_144930.fcs,/Debris/Singlets,43459,46548,93.36383947752857,50000,86.91799999999999
C,A06,A06_003_20230314_144930.fcs,/Debris/Singlets/Live,43039,43459,99.03357187233944,50000,86.078
A,A07,A07_001_20230314_132039.fcs,/Debris,46281,50000,92.562,50000,92.562
A,A07,A07_001_20230314_132039.fcs,/Debris/Singlets,43368,46281,93.70584040967135,50000,86.736
A,A07,A07_001_20230314_132039.fcs,/Debris/Singlets/Live,41475,43368,95.6350304371887,50000,82.95
B,A07,A07_002_20230314_135647.fcs,/Debris,46302,50000,92.604,50000,92.604
B,A07,A07_002_20230314_135647.fcs,/Debris/Singlets,43657,46302,94.28750377953436,50000,87.31400000000001
B,A07,A07_002_20230314_135647.fcs,/Debris/Singlets/Live,42894,43657,98.25228485695307,50000,85.788
C,A07,A07_003_20230314_145001.fcs,/Debris,46218,50000,92.43599999999999,50000,92.43599999999999
C,A07,A07_003_20230314_145001.fcs,/Debris/Singlets,43824,46218,94.82019992210827,50000,87.64800000000001
C,A07,A07_003_20230314_145001.fcs,/Debris/Singlets/Live,43372,43824,98.96860167944506,50000,86.744
A,A08,A08_001_20230314_132107.fcs,/Debris,46363,50000,92.726,50000,92.726
A,A08,A08_001_20230314_132107.fcs,/Debris/Singlets,43820,46363,94.51502275521429,50000,87.64
A,A08,A08_001_20230314_132107.fcs,/Debris/Singlets/Live,42181,43820,96.25969876768599,50000,84.36200000000001
B,A08,A08_002_20230314_135716.fcs,/Debris,46537,50000,93.074,50000,93.074
B,A08,A08_002_20230314_135716.fcs,/Debris/Singlets,44112,46537,94.78909255001396,50000,88.224
B,A08,A08_002_20230314_135716.fcs,/Debris/Singlets/Live,43610,44112,98.8619876677548,50000,87.22
C,A08,A08_003_20230314_145031.fcs,/Debris,46528,50000,93.05600000000001,50000,93.05600000000001
C,A08,A08_003_20230314_145031.fcs,/Debris/Singlets,43897,46528,94.34534044016506,50000,87.79400000000001
C,A08,A08_003_20230314_145031.fcs,/Debris/Singlets/Live,43545,43897,99.19812287855662,50000,87.09
A,A09,A09_001_20230314_132136.fcs,/Debris,46528,50000,93.05600000000001,50000,93.05600000000001
A,A09,A09_001_20230314_132136.fcs,/Debris/Singlets,43768,46528,94.06808803301237,50000,87.536
A,A09,A09_001_20230314_132136.fcs,/Debris/Singlets/Live,43758,43768,99.97715225735698,50000,87.516
B,A09,A09_002_20230314_135745.fcs,/Debris,46668,50000,93.336,50000,93.336
B,A09,A09_002_20230314_135745.fcs,/Debris/Singlets,44119,46668,94.53801319962287,50000,88.238
B,A09,A09_002_20230314_135745.fcs,/Debris/Singlets/Live,44111,44119,99.9818672227385,50000,88.222
C,A09,A09_003_20230314_145103.fcs,/Debris,46619,50000,93.238,50000,93.238
C,A09,A09_003_20230314_145103.fcs,/Debris/Singlets,44173,46619,94.7532122096141,50000,88.346
C,A09,A09_003_20230314_145103.fcs,/Debris/Singlets/Live,44164,44173,99.97962556312679,50000,88.32799999999999
A,B01,B01_001_20230314_132203.fcs,/Debris,45750,50000,91.5,50000,91.5
A,B01,B01_001_20230314_132203.fcs,/Debris/Singlets,43334,45750,94.71912568306011,50000,86.668
A,B01,B01_001_20230314_132203.fcs,/Debris/Singlets/Live,41651,43334,96.11621359671389,50000,83.30199999999999
B,B01,B01_002_20230314_135830.fcs,/Debris,46536,50000,93.072,50000,93.072
B,B01,B01_002_20230314_135830.fcs,/Debris/Singlets,44022,46536,94.59773078906653,50000,88.044
B,B01,B01_002_20230314_135830.fcs,/Debris/Singlets/Live,42962,44022,97.59211303439189,50000,85.924
C,B01,B01_003_20230314_145147.fcs,/Debris,46270,50000,92.54,50000,92.54
C,B01,B01_003_20230314_145147.fcs,/Debris/Singlets,43547,46270,94.11497730711044,50000,87.09400000000001
C,B01,B01_003_20230314_145147.fcs,/Debris/Singlets/Live,43144,43547,99.07456311571406,50000,86.288
A,B02,B02_001_20230314_132231.fcs,/Debris,46377,50000,92.754,50000,92.754
A,B02,B02_001_20230314_132231.fcs,/Debris/Singlets,44010,46377,94.896176984281,50000,88.02
A,B02,B02_001_20230314_132231.fcs,/Debris/Singlets/Live,43593,44010,99.05248807089298,50000,87.18599999999999
B,B02,B02_002_20230314_135902.fcs,/Debris,46446,50000,92.892,50000,92.892
B,B02,B02_002_20230314_135902.fcs,/Debris/Singlets,44112,46446,94.97480945614262,50000,88.224
B,B02,B02_002_20230314_135902.fcs,/Debris/Singlets/Live,43844,44112,99.39245556764598,50000,87.688
C,B02,B02_003_20230314_145220.fcs,/Debris,46658,50000,93.316,50000,93.316
C,B02,B02_003_20230314_145220.fcs,/Debris/Singlets,43444,46658,93.11157786446054,50000,86.888
C,B02,B02_003_20230314_145220.fcs,/Debris/Singlets/Live,43187,43444,99.40843384587055,50000,86.374
A,B03,B03_001_20230314_132301.fcs,/Debris,46029,50000,92.05799999999999,50000,92.05799999999999
A,B03,B03_001_20230314_132301.fcs,/Debris/Singlets,44029,46029,95.65491320689131,50000,88.058
A,B03,B03_001_20230314_132301.fcs,/Debris/Singlets/Live,43181,44029,98.07399668400373,50000,86.36200000000001
B,B03,B03_002_20230314_135931.fcs,/Debris,46106,50000,92.212,50000,92.212
B,B03,B03_002_20230314_135931.fcs,/Debris/Singlets,44163,46106,95.78579794386847,50000,88.32600000000001
B,B03,B03_002_20230314_135931.fcs,/Debris/Singlets/Live,43901,44163,99.40674320132239,50000,87.802
C,B03,B03_003_20230314_145249.fcs,/Debris,46252,50000,92.50399999999999,50000,92.50399999999999
C,B03,B03_003_20230314_145249.fcs,/Debris/Singlets,43674,46252,94.42618697569834,50000,87.348
C,B03,B03_003_20230314_145249.fcs,/Debris/Singlets/Live,43383,43674,99.33369968402252,50000,86.766
A,B04,B04_001_20230314_132341.fcs,/Debris,45863,50000,91.726,50000,91.726
A,B04,B04_001_20230314_132341.fcs,/Debris/Singlets,43735,45863,95.36009419357651,50000,87.47
A,B04,B04_001_20230314_132341.fcs,/Debris/Singlets/Live,43135,43735,98.62810106322168,50000,86.27
B,B04,B04_002_20230314_140012.fcs,/Debris,46282,50000,92.56400000000001,50000,92.56400000000001
B,B04,B04_002_20230314_140012.fcs,/Debris/Singlets,44039,46282,95.15362343891793,50000,88.078
B,B04,B04_002_20230314_140012.fcs,/Debris/Singlets/Live,43747,44039,99.33695133858626,50000,87.494
C,B04,B04_003_20230314_145320.fcs,/Debris,46224,50000,92.448,50000,92.448
C,B04,B04_003_20230314_145320.fcs,/Debris/Singlets,43574,46224,94.26704742125303,50000,87.148
C,B04,B04_003_20230314_145320.fcs,/Debris/Singlets/Live,43334,43574,99.44921283334098,50000,86.668
A,B05,B05_001_20230314_132410.fcs,/Debris,45968,50000,91.93599999999999,50000,91.93599999999999
A,B05,B05_001_20230314_132410.fcs,/Debris/Singlets,43578,45968,94.80073094326488,50000,87.156
A,B05,B05_001_20230314_132410.fcs,/Debris/Singlets/Live,42800,43578,98.21469548854927,50000,85.6
B,B05,B05_002_20230314_140050.fcs,/Debris,23486,25617,91.68130538314401,25617,91.68130538314401
B,B05,B05_002_20230314_140050.fcs,/Debris/Singlets,22169,23486,94.39240398535298,25617,86.54018815630245
B,B05,B05_002_20230314_140050.fcs,/Debris/Singlets/Live,21954,22169,99.03017727457261,25617,85.700901744935
C,B05,B05_003_20230314_145351.fcs,/Debris,46215,50000,92.43,50000,92.43
C,B05,B05_003_20230314_145351.fcs,/Debris/Singlets,43755,46215,94.677052904901,50000,87.51
C,B05,B05_003_20230314_145351.fcs,/Debris/Singlets/Live,43438,43755,99.27551137012914,50000,86.876
A,B06,B06_001_20230314_132455.fcs,/Debris,46132,50000,92.264,50000,92.264
A,B06,B06_001_20230314_132455.fcs,/Debris/Singlets,43485,46132,94.26211740223705,50000,86.97
A,B06,B06_001_20230314_132455.fcs,/Debris/Singlets/Live,41686,43485,95.86294124410716,50000,83.372
B,B06,B06_002_20230314_140323.fcs,/Debris,45885,50000,91.77,50000,91.77
B,B06,B06_002_20230314_140323.fcs,/Debris/Singlets,43494,45885,94.78914677999346,50000,86.988
B,B06,B06_002_20230314_140323.fcs,/Debris/Singlets/Live,42916,43494,98.67108106865314,50000,85.832
C,B06,B06_003_20230314_145420.fcs,/Debris,46566,50000,93.132,50000,93.132
C,B06,B06_003_20230314_145420.fcs,/Debris/Singlets,43528,46566,93.47592664175579,50000,87.056
C,B06,B06_003_20230314_145420.fcs,/Debris/Singlets/Live,43186,43528,99.2142988421246,50000,86.372
A,B07,B07_001_20230314_132520.fcs,/Debris,46334,50000,92.66799999999999,50000,92.66799999999999
A,B07,B07_001_20230314_132520.fcs,/Debris/Singlets,43241,46334,93.32455648120171,50000,86.482
A,B07,B07_001_20230314_132520.fcs,/Debris/Singlets/Live,41180,43241,95.23369024768161,50000,82.36
B,B07,B07_002_20230314_140350.fcs,/Debris,46282,50000,92.56400000000001,50000,92.56400000000001
B,B07,B07_002_20230314_140350.fcs,/Debris/Singlets,43738,46282,94.5032626074932,50000,87.476
B,B07,B07_002_20230314_140350.fcs,/Debris/Singlets/Live,42799,43738,97.85312542868901,50000,85.598
C,B07,B07_003_20230314_145449.fcs,/Debris,46520,50000,93.04,50000,93.04
C,B07,B07_003_20230314_145449.fcs,/Debris/Singlets,43579,46520,93.67798796216681,50000,87.158
C,B07,B07_003_20230314_145449.fcs,/Debris/Singlets/Live,42656,43579,97.88200738887997,50000,85.312
A,B08,B08_001_20230314_132552.fcs,/Debris,46296,50000,92.592,50000,92.592
A,B08,B08_001_20230314_132552.fcs,/Debris/Singlets,43725,46296,94.44660445826854,50000,87.45
A,B08,B08_001_20230314_132552.fcs,/Debris/Singlets/Live,42265,43725,96.66094911377931,50000,84.53
B,B08,B08_002_20230314_140427.fcs,/Debris,45773,50000,91.546,50000,91.546
B,B08,B08_002_20230314_140427.fcs,/Debris/Singlets,43528,45773,95.09536189456666,50000,87.056
B,B08,B08_002_20230314_140427.fcs,/Debris/Singlets/Live,43067,43528,98.94091159713287,50000,86.134
C,B08,B08_003_20230314_145519.fcs,/Debris,46430,50000,92.86,50000,92.86
C,B08,B08_003_20230314_145519.fcs,/Debris/Singlets,43535,46430,93.7648072367004,50000,87.07000000000001
C,B08,B08_003_20230314_145519.fcs,/Debris/Singlets/Live,43057,43535,98.90203284713449,50000,86.114
A,B09,B09_001_20230314_132629.fcs,/Debris,46849,50000,93.69800000000001,50000,93.69800000000001
A,B09,B09_001_20230314_132629.fcs,/Debris/Singlets,44406,46849,94.78537428760487,50000,88.812
A,B09,B09_001_20230314_132629.fcs,/Debris/Singlets/Live,44399,44406,99.98423636445526,50000,88.798
B,B09,B09_002_20230314_140455.fcs,/Debris,46629,50000,93.258,50000,93.258
B,B09,B09_002_20230314_140455.fcs,/Debris/Singlets,44035,46629,94.43693838598297,50000,88.07000000000001
B,B09,B09_002_20230314_140455.fcs,/Debris/Singlets/Live,44027,44035,99.98183263313274,50000,88.054
C,B09,B09_003_20230314_145548.fcs,/Debris,46926,50000,93.852,50000,93.852
C,B09,B09_003_20230314_145548.fcs,/Debris/Singlets,44061,46926,93.89464262881985,50000,88.122
C,B09,B09_003_20230314_145548.fcs,/Debris/Singlets/Live,44057,44061,99.99092167676629,50000,88.114
A,C01,C01_001_20230314_132656.fcs,/Debris,46301,50000,92.60199999999999,50000,92.60199999999999
A,C01,C01_001_20230314_132656.fcs,/Debris/Singlets,43631,46301,94.23338588799378,50000,87.262
A,C01,C01_001_20230314_132656.fcs,/Debris/Singlets/Live,42803,43631,98.10226673695308,50000,85.60600000000001
B,C01,C01_002_20230314_140524.fcs,/Debris,46454,50000,92.908,50000,92.908
B,C01,C01_002_20230314_140524.fcs,/Debris/Singlets,43908,46454,94.51930942437681,50000,87.816
B,C01,C01_002_20230314_140524.fcs,/Debris/Singlets/Live,43610,43908,99.321308189851507,50000,87.22
C,C01,C01_003_20230314_145633.fcs,/Debris,46343,50000,92.686,50000,92.686
C,C01,C01_003_20230314_145633.fcs,/Debris/Singlets,43695,46343,94.2860841982608,50000,87.39
C,C01,C01_003_20230314_145633.fcs,/Debris/Singlets/Live,43302,43695,99.10058359079986,50000,86.604
A,C02,C02_001_20230314_132728.fcs,/Debris,46139,50000,92.278,50000,92.278
A,C02,C02_001_20230314_132728.fcs,/Debris/Singlets,44114,46139,95.61108823338174,50000,88.228
A,C02,C02_001_20230314_132728.fcs,/Debris/Singlets/Live,43586,44114,98.803101056354,50000,87.17200000000001
B,C02,C02_002_20230314_140551.fcs,/Debris,46411,50000,92.822,50000,92.822
B,C02,C02_002_20230314_140551.fcs,/Debris/Singlets,43662,46411,94.07683523302666,50000,87.324
B,C02,C02_002_20230314_140551.fcs,/Debris/Singlets/Live,43455,43662,99.52590353167514,50000,86.91
C,C02,C02_003_20230314_145701.fcs,/Debris,46638,50000,93.27600000000001,50000,93.27600000000001
C,C02,C02_003_20230314_145701.fcs,/Debris/Singlets,43845,46638,94.0113212401904,50000,87.69
C,C02,C02_003_20230314_145701.fcs,/Debris/Singlets/Live,43614,43845,99.47314403010606,50000,87.22800000000001
A,C03,C03_001_20230314_132756.fcs,/Debris,46261,50000,92.522,50000,92.522
A,C03,C03_001_20230314_132756.fcs,/Debris/Singlets,44266,46261,95.68751215927023,50000,88.532
A,C03,C03_001_20230314_132756.fcs,/Debris/Singlets/Live,43743,44266,98.81850630280576,50000,87.48599999999999
B,C03,C03_002_20230314_140621.fcs,/Debris,46297,50000,92.594,50000,92.594
B,C03,C03_002_20230314_140621.fcs,/Debris/Singlets,44219,46297,95.51158822385901,50000,88.438
B,C03,C03_002_20230314_140621.fcs,/Debris/Singlets/Live,43967,44219,99.43010922906443,50000,87.934
C,C03,C03_003_20230314_145731.fcs,/Debris,46350,50000,92.7,50000,92.7
C,C03,C03_003_20230314_145731.fcs,/Debris/Singlets,44192,46350,95.34412081984898,50000,88.384
C,C03,C03_003_20230314_145731.fcs,/Debris/Singlets/Live,43933,44192,99.41392107168718,50000,87.866
A,C04,C04_001_20230314_132825.fcs,/Debris,46075,50000,92.15,50000,92.15
A,C04,C04_001_20230314_132825.fcs,/Debris/Singlets,43563,46075,94.54801953336951,50000,87.126
A,C04,C04_001_20230314_132825.fcs,/Debris/Singlets/Live,42684,43563,97.98223262860685,50000,85.368
B,C04,C04_002_20230314_140649.fcs,/Debris,46193,50000,92.386,50000,92.386
B,C04,C04_002_20230314_140649.fcs,/Debris/Singlets,43474,46193,94.11382677028986,50000,86.94800000000001
B,C04,C04_002_20230314_140649.fcs,/Debris/Singlets/Live,43238,43474,99.45714680038644,50000,86.476
C,C04,C04_003_20230314_145803.fcs,/Debris,46437,50000,92.874,50000,92.874
C,C04,C04_003_20230314_145803.fcs,/Debris/Singlets,43753,46437,94.22012619247583,50000,87.506
C,C04,C04_003_20230314_145803.fcs,/Debris/Singlets/Live,43492,43753,99.40346947637876,50000,86.984
A,C05,C05_001_20230314_132855.fcs,/Debris,45926,50000,91.852,50000,91.852
A,C05,C05_001_20230314_132855.fcs,/Debris/Singlets,43249,45926,94.17105778861648,50000,86.49799999999999
A,C05,C05_001_20230314_132855.fcs,/Debris/Singlets/Live,41836,43249,96.73287243635691,50000,83.672
B,C05,C05_002_20230314_140721.fcs,/Debris,45776,50000,91.552,50000,91.552
B,C05,C05_002_20230314_140721.fcs,/Debris/Singlets,43320,45776,94.63474309681929,50000,86.64
B,C05,C05_002_20230314_140721.fcs,/Debris/Singlets/Live,42872,43320,98.96583564173592,50000,85.744
C,C05,C05_003_20230314_145833.fcs,/Debris,46251,50000,92.502,50000,92.502
C,C05,C05_003_20230314_145833.fcs,/Debris/Singlets,43308,46251,93.63689433741973,50000,86.616
C,C05,C05_003_20230314_145833.fcs,/Debris/Singlets/Live,42659,43308,98.50143160616976,50000,85.31800000000001
A,C06,C06_001_20230314_132938.fcs,/Debris,46069,50000,92.13799999999999,50000,92.13799999999999
A,C06,C06_001_20230314_132938.fcs,/Debris/Singlets,43459,46069,94.33458507890339,50000,86.91799999999999
A,C06,C06_001_20230314_132938.fcs,/Debris/Singlets/Live,41498,43459,95.48770105156585,50000,82.99600000000001
B,C06,C06_002_20230314_140807.fcs,/Debris,45861,50000,91.72200000000001,50000,91.72200000000001
B,C06,C06_002_20230314_140807.fcs,/Debris/Singlets,42810,45861,93.34728854582325,50000,85.61999999999999
B,C06,C06_002_20230314_140807.fcs,/Debris/Singlets/Live,41812,42810,97.66876897921047,50000,83.624
C,C06,C06_003_20230314_145900.fcs,/Debris,46212,50000,92.42399999999999,50000,92.42399999999999
C,C06,C06_003_20230314_145900.fcs,/Debris/Singlets,43248,46212,93.58608153726304,50000,86.496
C,C06,C06_003_20230314_145900.fcs,/Debris/Singlets/Live,42655,43248,98.62883832778394,50000,85.31
A,C07,C07_001_20230314_133004.fcs,/Debris,46096,50000,92.192,50000,92.192
A,C07,C07_001_20230314_133004.fcs,/Debris/Singlets,43465,46096,94.29234640749739,50000,86.92999999999999
A,C07,C07_001_20230314_133004.fcs,/Debris/Singlets/Live,38618,43465,88.84849879213161,50000,77.236
B,C07,C07_002_20230314_140836.fcs,/Debris,46221,50000,92.44200000000001,50000,92.44200000000001
B,C07,C07_002_20230314_140836.fcs,/Debris/Singlets,43859,46221,94.88976871984596,50000,87.71799999999999
B,C07,C07_002_20230314_140836.fcs,/Debris/Singlets/Live,42988,43859,98.01409060854101,50000,85.976
C,C07,C07_003_20230314_145929.fcs,/Debris,46376,50000,92.752,50000,92.752
C,C07,C07_003_20230314_145929.fcs,/Debris/Singlets,43838,46376,94.52734172848025,50000,87.676
C,C07,C07_003_20230314_145929.fcs,/Debris/Singlets/Live,42451,43838,96.83607828824307,50000,84.902
A,C08,C08_001_20230314_133032.fcs,/Debris,46229,50000,92.458,50000,92.458
A,C08,C08_001_20230314_133032.fcs,/Debris/Singlets,43645,46229,94.41043500832811,50000,87.29
A,C08,C08_001_20230314_133032.fcs,/Debris/Singlets/Live,40710,43645,93.27528926566617,50000,81.42
C,C08,C08_003_20230314_145956.fcs,/Debris,46425,50000,92.85,50000,92.85
C,C08,C08_003_20230314_145956.fcs,/Debris/Singlets,43511,46425,93.72320947765212,50000,87.022
C,C08,C08_003_20230314_145956.fcs,/Debris/Singlets/Live,42796,43511,98.3567373767553,50000,85.592
B,C08,C08_004_20230314_144426.fcs,/Debris,45903,50000,91.806,50000,91.806
B,C08,C08_004_20230314_144426.fcs,/Debris/Singlets,43130,45903,93.95900050105658,50000,86.26
B,C08,C08_004_20230314_144426.fcs,/Debris/Singlets/Live,42381,43130,98.26338975191283,50000,84.762
A,C09,C09_001_20230314_133059.fcs,/Debris,46153,50000,92.306,50000,92.306
A,C09,C09_001_20230314_133059.fcs,/Debris/Singlets,43558,46153,94.37739691894352,50000,87.116
A,C09,C09_001_20230314_133059.fcs,/Debris/Singlets/Live,43550,43558,99.98163368382387,50000,87.1
B,C09,C09_002_20230314_141507.fcs,/Debris,46588,50000,93.176,50000,93.176
B,C09,C09_002_20230314_141507.fcs,/Debris/Singlets,44204,46588,94.88280243839615,50000,88.408
B,C09,C09_002_20230314_141507.fcs,/Debris/Singlets/Live,44201,44204,99.99321328386571,50000,88.402
C,C09,C09_003_20230314_150026.fcs,/Debris,46763,50000,93.526,50000,93.526
C,C09,C09_003_20230314_150026.fcs,/Debris/Singlets,44477,46763,95.11151979128798,50000,88.954
C,C09,C09_003_20230314_150026.fcs,/Debris/Singlets/Live,44473,44477,99.99100658767452,50000,88.946
A,D01,D01_001_20230314_133129.fcs,/Debris,45856,50000,91.712,50000,91.712
A,D01,D01_001_20230314_133129.fcs,/Debris/Singlets,43684,45856,95.26343335659456,50000,87.368
A,D01,D01_001_20230314_133129.fcs,/Debris/Singlets/Live,42574,43684,97.45902389891036,50000,85.148
B,D01,D01_002_20230314_141536.fcs,/Debris,46320,50000,92.64,50000,92.64
B,D01,D01_002_20230314_141536.fcs,/Debris/Singlets,43888,46320,94.74956822107082,50000,87.776
B,D01,D01_002_20230314_141536.fcs,/Debris/Singlets/Live,43569,43888,99.27314983594604,50000,87.138
C,D01,D01_003_20230314_150110.fcs,/Debris,46139,50000,92.278,50000,92.278
C,D01,D01_003_20230314_150110.fcs,/Debris/Singlets,43941,46139,95.23613428986324,50000,87.882
C,D01,D01_003_20230314_150110.fcs,/Debris/Singlets/Live,43591,43941,99.20347739013677,50000,87.182
A,D02,D02_001_20230314_133157.fcs,/Debris,46336,50000,92.672,50000,92.672
A,D02,D02_001_20230314_133157.fcs,/Debris/Singlets,43978,46336,94.91108425414365,50000,87.956
A,D02,D02_001_20230314_133157.fcs,/Debris/Singlets/Live,43579,43978,99.09272818227296,50000,87.158
B,D02,D02_002_20230314_141606.fcs,/Debris,46099,50000,92.19800000000001,50000,92.19800000000001
B,D02,D02_002_20230314_141606.fcs,/Debris/Singlets,44089,46099,95.6398186511638,50000,88.178
B,D02,D02_002_20230314_141606.fcs,/Debris/Singlets/Live,43815,44089,99.37852979201162,50000,87.63
C,D02,D02_003_20230314_150140.fcs,/Debris,46629,50000,93.258,50000,93.258
C,D02,D02_003_20230314_150140.fcs,/Debris/Singlets,44031,46629,94.42836003345558,50000,88.062
C,D02,D02_003_20230314_150140.fcs,/Debris/Singlets/Live,43794,44031,99.46174286298289,50000,87.588
A,D03,D03_001_20230314_133223.fcs,/Debris,46159,50000,92.318,50000,92.318
A,D03,D03_001_20230314_133223.fcs,/Debris/Singlets,43981,46159,95.28152689616326,50000,87.96199999999999
A,D03,D03_001_20230314_133223.fcs,/Debris/Singlets/Live,43476,43981,98.85177690366295,50000,86.952
B,D03,D03_002_20230314_141634.fcs,/Debris,46317,50000,92.634,50000,92.634
B,D03,D03_002_20230314_141634.fcs,/Debris/Singlets,44329,46317,95.70783945419609,50000,88.658
B,D03,D03_002_20230314_141634.fcs,/Debris/Singlets/Live,43984,44329,99.22172843962191,50000,87.968
C,D03,D03_003_20230314_150209.fcs,/Debris,46642,50000,93.284,50000,93.284
C,D03,D03_003_20230314_150209.fcs,/Debris/Singlets,44300,46642,94.97877449509026,50000,88.6
C,D03,D03_003_20230314_150209.fcs,/Debris/Singlets/Live,44043,44300,99.41986455981942,50000,88.086
A,D04,D04_001_20230314_133250.fcs,/Debris,45924,50000,91.848,50000,91.848
A,D04,D04_001_20230314_133250.fcs,/Debris/Singlets,42728,45924,93.0406758993119,50000,85.456
A,D04,D04_001_20230314_133250.fcs,/Debris/Singlets/Live,30701,42728,71.85218123946827,50000,61.402
B,D04,D04_002_20230314_141703.fcs,/Debris,46550,50000,93.10000000000001,50000,93.10000000000001
B,D04,D04_002_20230314_141703.fcs,/Debris/Singlets,43683,46550,93.84103114930183,50000,87.366
B,D04,D04_002_20230314_141703.fcs,/Debris/Singlets/Live,43422,43683,99.40251356362887,50000,86.844
C,D04,D04_003_20230314_150237.fcs,/Debris,46390,50000,92.78,50000,92.78
C,D04,D04_003_20230314_150237.fcs,/Debris/Singlets,43539,46390,93.8542789394266,50000,87.078
C,D04,D04_003_20230314_150237.fcs,/Debris/Singlets/Live,43284,43539,99.41431819747812,50000,86.568
A,D05,D05_001_20230314_133324.fcs,/Debris,45357,50000,90.714,50000,90.714
A,D05,D05_001_20230314_133324.fcs,/Debris/Singlets,43155,45357,95.14518155962696,50000,86.31
A,D05,D05_001_20230314_133324.fcs,/Debris/Singlets/Live,41622,43155,96.44768856447689,50000,83.244
B,D05,D05_002_20230314_141733.fcs,/Debris,46065,50000,92.13,50000,92.13
B,D05,D05_002_20230314_141733.fcs,/Debris/Singlets,43307,46065,94.0128079887116,50000,86.614
B,D05,D05_002_20230314_141733.fcs,/Debris/Singlets/Live,42783,43307,98.79003394370424,50000,85.566
C,D05,D05_003_20230314_150307.fcs,/Debris,46063,50000,92.12599999999999,50000,92.12599999999999
C,D05,D05_003_20230314_150307.fcs,/Debris/Singlets,43425,46063,94.27306080802379,50000,86.85000000000001
C,D05,D05_003_20230314_150307.fcs,/Debris/Singlets/Live,43026,43425,99.0811744386874,50000,86.05199999999999
A,D06,D06_001_20230314_133408.fcs,/Debris,45723,50000,91.446,50000,91.446
A,D06,D06_001_20230314_133408.fcs,/Debris/Singlets,43394,45723,94.90628348970978,50000,86.788
A,D06,D06_001_20230314_133408.fcs,/Debris/Singlets/Live,41338,43394,95.26201779047796,50000,82.676
B,D06,D06_002_20230314_141802.fcs,/Debris,45885,50000,91.77,50000,91.77
B,D06,D06_002_20230314_141802.fcs,/Debris/Singlets,43414,45885,94.61479786422579,50000,86.828
B,D06,D06_002_20230314_141802.fcs,/Debris/Singlets/Live,42695,43414,98.34385221357167,50000,85.39
C,D06,D06_003_20230314_150335.fcs,/Debris,46284,50000,92.568,50000,92.568
C,D06,D06_003_20230314_150335.fcs,/Debris/Singlets,43334,46284,93.6263071471783,50000,86.668
C,D06,D06_003_20230314_150335.fcs,/Debris/Singlets/Live,42129,43334,97.21927354963769,50000,84.258
A,D07,D07_001_20230314_133435.fcs,/Debris,46180,50000,92.36,50000,92.36
A,D07,D07_001_20230314_133435.fcs,/Debris/Singlets,43805,46180,94.85708098744044,50000,87.61
A,D07,D07_001_20230314_133435.fcs,/Debris/Singlets/Live,39923,43805,91.13799794544002,50000,79.84599999999999
B,D07,D07_002_20230314_141829.fcs,/Debris,46404,50000,92.808,50000,92.808
B,D07,D07_002_20230314_141829.fcs,/Debris/Singlets,44031,46404,94.88621670545643,50000,88.062
B,D07,D07_002_20230314_141829.fcs,/Debris/Singlets/Live,43305,44031,98.35116168154255,50000,86.61
A,D08,D08_001_20230314_133503.fcs,/Debris,45921,50000,91.842,50000,91.842
A,D08,D08_001_20230314_133503.fcs,/Debris/Singlets,43441,45921,94.59942074432178,50000,86.882
A,D08,D08_001_20230314_133503.fcs,/Debris/Singlets/Live,40114,43441,92.34133652540227,50000,80.228
C,D08,D08_003_20230314_150500.fcs,/Debris,46382,50000,92.764,50000,92.764
C,D08,D08_003_20230314_150500.fcs,/Debris/Singlets,43601,46382,94.00413953688931,50000,87.202
C,D08,D08_003_20230314_150500.fcs,/Debris/Singlets/Live,42612,43601,97.73170340129813,50000,85.224
A,D09,D09_001_20230314_133530.fcs,/Debris,46259,50000,92.518,50000,92.518
A,D09,D09_001_20230314_133530.fcs,/Debris/Singlets,43983,46259,95.07987634838626,50000,87.966
A,D09,D09_001_20230314_133530.fcs,/Debris/Singlets/Live,43979,43983,99.9909055771548,50000,87.958
B,D09,D09_002_20230314_142011.fcs,/Debris,46748,50000,93.496,50000,93.496
B,D09,D09_002_20230314_142011.fcs,/Debris/Singlets,44449,46748,95.082142551553,50000,88.898
B,D09,D09_002_20230314_142011.fcs,/Debris/Singlets/Live,44444,44449,99.98875115300682,50000,88.888
C,D09,D09_003_20230314_150529.fcs,/Debris,46805,50000,93.61,50000,93.61
C,D09,D09_003_20230314_150529.fcs,/Debris/Singlets,44623,46805,95.33810490332229,50000,89.24600000000001
C,D09,D09_003_20230314_150529.fcs,/Debris/Singlets/Live,44616,44623,99.98431302243237,50000,89.232
A,E01,E01_001_20230314_133559.fcs,/Debris,45829,50000,91.658,50000,91.658
A,E01,E01_001_20230314_133559.fcs,/Debris/Singlets,43428,45829,94.76095921796242,50000,86.856
A,E01,E01_001_20230314_133559.fcs,/Debris/Singlets/Live,42076,43428,96.88680114212029,50000,84.152
B,E01,E01_002_20230314_142041.fcs,/Debris,46381,50000,92.762,50000,92.762
B,E01,E01_002_20230314_142041.fcs,/Debris/Singlets,43962,46381,94.78450227463833,50000,87.924
B,E01,E01_002_20230314_142041.fcs,/Debris/Singlets/Live,43689,43962,99.37900914426095,50000,87.378
C,E01,E01_003_20230314_150612.fcs,/Debris,46256,50000,92.512,50000,92.512
C,E01,E01_003_20230314_150612.fcs,/Debris/Singlets,43754,46256,94.59097198201314,50000,87.508
C,E01,E01_003_20230314_150612.fcs,/Debris/Singlets/Live,43219,43754,98.77725465100333,50000,86.438
A,E02,E02_001_20230314_133630.fcs,/Debris,45975,50000,91.95,50000,91.95
A,E02,E02_001_20230314_133630.fcs,/Debris/Singlets,43760,45975,95.18216421968461,50000,87.52
A,E02,E02_001_20230314_133630.fcs,/Debris/Singlets/Live,43276,43760,98.89396709323583,50000,86.55199999999999
B,E02,E02_002_20230314_142109.fcs,/Debris,46523,50000,93.04599999999999,50000,93.04599999999999
B,E02,E02_002_20230314_142109.fcs,/Debris/Singlets,44268,46523,95.15293510736626,50000,88.536
B,E02,E02_002_20230314_142109.fcs,/Debris/Singlets/Live,44056,44268,99.52109876208549,50000,88.112
C,E02,E02_003_20230314_150642.fcs,/Debris,46559,50000,93.118,50000,93.118
C,E02,E02_003_20230314_150642.fcs,/Debris/Singlets,44028,46559,94.56388668141497,50000,88.056
C,E02,E02_003_20230314_150642.fcs,/Debris/Singlets/Live,43797,44028,99.47533387844099,50000,87.59400000000001
A,E03,E03_001_20230314_133658.fcs,/Debris,46272,50000,92.54400000000001,50000,92.54400000000001
A,E03,E03_001_20230314_133658.fcs,/Debris/Singlets,44118,46272,95.34491701244814,50000,88.236
A,E03,E03_001_20230314_133658.fcs,/Debris/Singlets/Live,43407,44118,98.38841289269686,50000,86.81400000000001
B,E03,E03_002_20230314_142139.fcs,/Debris,46141,50000,92.282,50000,92.282
B,E03,E03_002_20230314_142139.fcs,/Debris/Singlets,44191,46141,95.77382371426714,50000,88.382
B,E03,E03_002_20230314_142139.fcs,/Debris/Singlets/Live,43946,44191,99.44558846824015,50000,87.89200000000001
C,E03,E03_003_20230314_150711.fcs,/Debris,46288,50000,92.57600000000001,50000,92.57600000000001
C,E03,E03_003_20230314_150711.fcs,/Debris/Singlets,43848,46288,94.7286553750432,50000,87.696
C,E03,E03_003_20230314_150711.fcs,/Debris/Singlets/Live,43576,43848,99.37967524174421,50000,87.152
A,E04,E04_001_20230314_133728.fcs,/Debris,45936,50000,91.872,50000,91.872
A,E04,E04_001_20230314_133728.fcs,/Debris/Singlets,43263,45936,94.18103448275862,50000,86.526
A,E04,E04_001_20230314_133728.fcs,/Debris/Singlets/Live,41668,43263,96.31324688532926,50000,83.336
B,E04,E04_002_20230314_142209.fcs,/Debris,46237,50000,92.474,50000,92.474
B,E04,E04_002_20230314_142209.fcs,/Debris/Singlets,43502,46237,94.08482384237732,50000,87.004
B,E04,E04_002_20230314_142209.fcs,/Debris/Singlets/Live,43253,43502,99.42761252356213,50000,86.506
C,E04,E04_003_20230314_150742.fcs,/Debris,46167,50000,92.334,50000,92.334
C,E04,E04_003_20230314_150742.fcs,/Debris/Singlets,43433,46167,94.0780210973206,50000,86.866
C,E04,E04_003_20230314_150742.fcs,/Debris/Singlets/Live,43052,43433,99.12278682108074,50000,86.104
A,E05,E05_001_20230314_133757.fcs,/Debris,46028,50000,92.05600000000001,50000,92.05600000000001
A,E05,E05_001_20230314_133757.fcs,/Debris/Singlets,43372,46028,94.2295993742939,50000,86.744
A,E05,E05_001_20230314_133757.fcs,/Debris/Singlets/Live,42018,43372,96.87817024808632,50000,84.036
B,E05,E05_002_20230314_142240.fcs,/Debris,45686,50000,91.372,50000,91.372
B,E05,E05_002_20230314_142240.fcs,/Debris/Singlets,43519,45686,95.25675261568095,50000,87.03800000000001
B,E05,E05_002_20230314_142240.fcs,/Debris/Singlets/Live,42926,43519,98.63737677795905,50000,85.85199999999999
C,E05,E05_003_20230314_150812.fcs,/Debris,46301,50000,92.60199999999999,50000,92.60199999999999
C,E05,E05_003_20230314_150812.fcs,/Debris/Singlets,43717,46301,94.4191270166951,50000,87.434
C,E05,E05_003_20230314_150812.fcs,/Debris/Singlets/Live,43267,43717,98.97065214904957,50000,86.534
A,E06,E06_001_20230314_133841.fcs,/Debris,45996,50000,91.99199999999999,50000,91.99199999999999
A,E06,E06_001_20230314_133841.fcs,/Debris/Singlets,43467,45996,94.50169579963476,50000,86.934
A,E06,E06_001_20230314_133841.fcs,/Debris/Singlets/Live,40863,43467,94.00924839533438,50000,81.726
B,E06,E06_002_20230314_142307.fcs,/Debris,46162,50000,92.324,50000,92.324
B,E06,E06_002_20230314_142307.fcs,/Debris/Singlets,43391,46162,93.99722715653567,50000,86.78200000000001
B,E06,E06_002_20230314_142307.fcs,/Debris/Singlets/Live,42907,43391,98.88456131455831,50000,85.81400000000001
C,E06,E06_003_20230314_150838.fcs,/Debris,46359,50000,92.718,50000,92.718
C,E06,E06_003_20230314_150838.fcs,/Debris/Singlets,43156,46359,93.0908777152225,50000,86.312
C,E06,E06_003_20230314_150838.fcs,/Debris/Singlets/Live,42459,43156,98.38492909444805,50000,84.918
A,E07,E07_001_20230314_133909.fcs,/Debris,46202,50000,92.404,50000,92.404
A,E07,E07_001_20230314_133909.fcs,/Debris/Singlets,43854,46202,94.9179689190944,50000,87.708
A,E07,E07_001_20230314_133909.fcs,/Debris/Singlets/Live,38314,43854,87.36717289186848,50000,76.628
B,E07,E07_002_20230314_142334.fcs,/Debris,46305,50000,92.61,50000,92.61
B,E07,E07_002_20230314_142334.fcs,/Debris/Singlets,43970,46305,94.9573480185725,50000,87.94
B,E07,E07_002_20230314_142334.fcs,/Debris/Singlets/Live,43075,43970,97.96452126449852,50000,86.15
C,E07,E07_003_20230314_150905.fcs,/Debris,46388,50000,92.776,50000,92.776
C,E07,E07_003_20230314_150905.fcs,/Debris/Singlets,43858,46388,94.54600327670948,50000,87.71600000000001
C,E07,E07_003_20230314_150905.fcs,/Debris/Singlets/Live,42681,43858,97.31633909434994,50000,85.36200000000001
A,E08,E08_001_20230314_133936.fcs,/Debris,46183,50000,92.366,50000,92.366
A,E08,E08_001_20230314_133936.fcs,/Debris/Singlets,43482,46183,94.15152761838772,50000,86.964
A,E08,E08_001_20230314_133936.fcs,/Debris/Singlets/Live,37798,43482,86.92792419851892,50000,75.596
B,E08,E08_002_20230314_142401.fcs,/Debris,46336,50000,92.672,50000,92.672
B,E08,E08_002_20230314_142401.fcs,/Debris/Singlets,43437,46336,93.74352555248619,50000,86.874
B,E08,E08_002_20230314_142401.fcs,/Debris/Singlets/Live,42918,43437,98.80516610263139,50000,85.836
C,E08,E08_003_20230314_150934.fcs,/Debris,46401,50000,92.80199999999999,50000,92.80199999999999
C,E08,E08_003_20230314_150934.fcs,/Debris/Singlets,43421,46401,93.57772461800393,50000,86.842
C,E08,E08_003_20230314_150934.fcs,/Debris/Singlets/Live,42645,43421,98.21284631860159,50000,85.28999999999999
A,E09,E09_001_20230314_134003.fcs,/Debris,46339,50000,92.67800000000001,50000,92.67800000000001
A,E09,E09_001_20230314_134003.fcs,/Debris/Singlets,43703,46339,94.31148708431343,50000,87.40599999999999
A,E09,E09_001_20230314_134003.fcs,/Debris/Singlets/Live,43700,43703,99.99313548268998,50000,87.4
B,E09,E09_002_20230314_142445.fcs,/Debris,46544,50000,93.08800000000001,50000,93.08800000000001
B,E09,E09_002_20230314_142445.fcs,/Debris/Singlets,44255,46544,95.08207287727741,50000,88.51
B,E09,E09_002_20230314_142445.fcs,/Debris/Singlets/Live,44252,44255,99.9932211049599,50000,88.504
C,E09,E09_003_20230314_151001.fcs,/Debris,46689,50000,93.378,50000,93.378
C,E09,E09_003_20230314_151001.fcs,/Debris/Singlets,44287,46689,94.85531924007796,50000,88.574
C,E09,E09_003_20230314_151001.fcs,/Debris/Singlets/Live,44281,44287,99.98645200623207,50000,88.562
A,F01,F01_001_20230314_134036.fcs,/Debris,45777,50000,91.554,50000,91.554
A,F01,F01_001_20230314_134036.fcs,/Debris/Singlets,43559,45777,95.1547720470979,50000,87.118
A,F01,F01_001_20230314_134036.fcs,/Debris/Singlets/Live,42229,43559,96.94667003374732,50000,84.458
B,F01,F01_002_20230314_142520.fcs,/Debris,46037,50000,92.074,50000,92.074
B,F01,F01_002_20230314_142520.fcs,/Debris/Singlets,43796,46037,95.13217629298173,50000,87.592
B,F01,F01_002_20230314_142520.fcs,/Debris/Singlets/Live,43502,43796,99.3287058178829,50000,87.004
C,F01,F01_003_20230314_151049.fcs,/Debris,45844,50000,91.688,50000,91.688
C,F01,F01_003_20230314_151049.fcs,/Debris/Singlets,43583,45844,95.06805688857865,50000,87.166
C,F01,F01_003_20230314_151049.fcs,/Debris/Singlets/Live,42905,43583,98.44434756671178,50000,85.81
A,F02,F02_001_20230314_134105.fcs,/Debris,46319,50000,92.638,50000,92.638
A,F02,F02_001_20230314_134105.fcs,/Debris/Singlets,44103,46319,95.21578617845809,50000,88.20599999999999
A,F02,F02_001_20230314_134105.fcs,/Debris/Singlets/Live,43649,44103,98.9705915697345,50000,87.298
C,F02,F02_003_20230314_151117.fcs,/Debris,46405,50000,92.81,50000,92.81
C,F02,F02_003_20230314_151117.fcs,/Debris/Singlets,43686,46405,94.14071759508673,50000,87.372
C,F02,F02_003_20230314_151117.fcs,/Debris/Singlets/Live,43483,43686,99.53532023989379,50000,86.966
A,F03,F03_001_20230314_134135.fcs,/Debris,46103,50000,92.206,50000,92.206
A,F03,F03_001_20230314_134135.fcs,/Debris/Singlets,44022,46103,95.4861939570093,50000,88.044
A,F03,F03_001_20230314_134135.fcs,/Debris/Singlets/Live,43334,44022,98.43714506383172,50000,86.668
B,F03,F03_002_20230314_142648.fcs,/Debris,46251,50000,92.502,50000,92.502
B,F03,F03_002_20230314_142648.fcs,/Debris/Singlets,44348,46251,95.88549436768935,50000,88.696
B,F03,F03_002_20230314_142648.fcs,/Debris/Singlets/Live,44143,44348,99.53774691079643,50000,88.286
C,F03,F03_003_20230314_151148.fcs,/Debris,46361,50000,92.72200000000001,50000,92.72200000000001
C,F03,F03_003_20230314_151148.fcs,/Debris/Singlets,43891,46361,94.67224606889411,50000,87.78200000000001
C,F03,F03_003_20230314_151148.fcs,/Debris/Singlets/Live,43610,43891,99.3597776309494,50000,87.22
A,F04,F04_001_20230314_134206.fcs,/Debris,45732,50000,91.464,50000,91.464
A,F04,F04_001_20230314_134206.fcs,/Debris/Singlets,43316,45732,94.71704714423161,50000,86.632
A,F04,F04_001_20230314_134206.fcs,/Debris/Singlets/Live,42240,43316,97.51592944870255,50000,84.48
B,F04,F04_002_20230314_142726.fcs,/Debris,46059,50000,92.118,50000,92.118
B,F04,F04_002_20230314_142726.fcs,/Debris/Singlets,43467,46059,94.37243535465382,50000,86.934
B,F04,F04_002_20230314_142726.fcs,/Debris/Singlets/Live,43172,43467,99.32132422297374,50000,86.344
C,F04,F04_003_20230314_151220.fcs,/Debris,46210,50000,92.42,50000,92.42
C,F04,F04_003_20230314_151220.fcs,/Debris/Singlets,43607,46210,94.36702012551396,50000,87.214
C,F04,F04_003_20230314_151220.fcs,/Debris/Singlets/Live,43320,43607,99.34184878574541,50000,86.64
A,F05,F05_001_20230314_134237.fcs,/Debris,45870,50000,91.74,50000,91.74
A,F05,F05_001_20230314_134237.fcs,/Debris/Singlets,43440,45870,94.702419882276,50000,86.88
A,F05,F05_001_20230314_134237.fcs,/Debris/Singlets/Live,42274,43440,97.3158379373849,50000,84.548
B,F05,F05_002_20230314_142757.fcs,/Debris,46005,50000,92.01,50000,92.01
B,F05,F05_002_20230314_142757.fcs,/Debris/Singlets,43444,46005,94.43321378111075,50000,86.888
B,F05,F05_002_20230314_142757.fcs,/Debris/Singlets/Live,42971,43444,98.91124205874229,50000,85.942
C,F05,F05_003_20230314_151254.fcs,/Debris,46247,50000,92.494,50000,92.494
C,F05,F05_003_20230314_151254.fcs,/Debris/Singlets,43782,46247,94.66992453564555,50000,87.564
C,F05,F05_003_20230314_151254.fcs,/Debris/Singlets/Live,43334,43782,98.97674843543008,50000,86.668
A,F06,F06_001_20230314_134325.fcs,/Debris,46036,50000,92.072,50000,92.072
A,F06,F06_001_20230314_134325.fcs,/Debris/Singlets,43559,46036,94.61942827352506,50000,87.118
A,F06,F06_001_20230314_134325.fcs,/Debris/Singlets/Live,41856,43559,96.09036020110655,50000,83.712
B,F06,F06_002_20230314_142827.fcs,/Debris,46279,50000,92.55799999999999,50000,92.55799999999999
B,F06,F06_002_20230314_142827.fcs,/Debris/Singlets,43230,46279,93.41169861060092,50000,86.46000000000001
B,F06,F06_002_20230314_142827.fcs,/Debris/Singlets/Live,42736,43230,98.85727504048116,50000,85.47200000000001
C,F06,F06_003_20230314_151322.fcs,/Debris,46386,50000,92.772,50000,92.772
C,F06,F06_003_20230314_151322.fcs,/Debris/Singlets,43234,46386,93.20484628982882,50000,86.468
C,F06,F06_003_20230314_151322.fcs,/Debris/Singlets/Live,42654,43234,98.65846324651895,50000,85.30799999999999
A,F07,F07_001_20230314_134353.fcs,/Debris,45997,50000,91.994,50000,91.994
A,F07,F07_001_20230314_134353.fcs,/Debris/Singlets,43580,45997,94.745309476705,50000,87.16000000000001
A,F07,F07_001_20230314_134353.fcs,/Debris/Singlets/Live,37976,43580,87.14089031665901,50000,75.952
B,F07,F07_002_20230314_142900.fcs,/Debris,45530,50000,91.06,50000,91.06
B,F07,F07_002_20230314_142900.fcs,/Debris/Singlets,43572,45530,95.69953876564902,50000,87.144
B,F07,F07_002_20230314_142900.fcs,/Debris/Singlets/Live,42517,43572,97.57872027907831,50000,85.03399999999999
C,F07,F07_003_20230314_151351.fcs,/Debris,46134,50000,92.268,50000,92.268
C,F07,F07_003_20230314_151351.fcs,/Debris/Singlets,43317,46134,93.89387436597737,50000,86.634
C,F07,F07_003_20230314_151351.fcs,/Debris/Singlets/Live,42119,43317,97.23434217512755,50000,84.238
A,F08,F08_001_20230314_134423.fcs,/Debris,45878,50000,91.756,50000,91.756
A,F08,F08_001_20230314_134423.fcs,/Debris/Singlets,43396,45878,94.58999956406122,50000,86.792
A,F08,F08_001_20230314_134423.fcs,/Debris/Singlets/Live,39362,43396,90.70421236980367,50000,78.724
B,F08,F08_002_20230314_142936.fcs,/Debris,46110,50000,92.22,50000,92.22
B,F08,F08_002_20230314_142936.fcs,/Debris/Singlets,43533,46110,94.41119063109954,50000,87.066
B,F08,F08_002_20230314_142936.fcs,/Debris/Singlets/Live,43024,43533,98.830772057979,50000,86.048
C,F08,F08_003_20230314_151422.fcs,/Debris,46243,50000,92.486,50000,92.486
C,F08,F08_003_20230314_151422.fcs,/Debris/Singlets,43279,46243,93.59038124689143,50000,86.558
C,F08,F08_003_20230314_151422.fcs,/Debris/Singlets/Live,42682,43279,98.62057810947573,50000,85.36399999999999
A,F09,F09_001_20230314_134456.fcs,/Debris,46407,50000,92.814,50000,92.814
A,F09,F09_001_20230314_134456.fcs,/Debris/Singlets,44142,46407,95.11927079966385,50000,88.28399999999999
A,F09,F09_001_20230314_134456.fcs,/Debris/Singlets/Live,44136,44142,99.98640750305832,50000,88.27199999999999
B,F09,F09_002_20230314_143026.fcs,/Debris,46487,50000,92.974,50000,92.974
B,F09,F09_002_20230314_143026.fcs,/Debris/Singlets,44172,46487,95.02011314991287,50000,88.344
B,F09,F09_002_20230314_143026.fcs,/Debris/Singlets/Live,44171,44172,99.9977361224305,50000,88.342
C,F09,F09_003_20230314_151452.fcs,/Debris,46750,50000,93.5,50000,93.5
C,F09,F09_003_20230314_151452.fcs,/Debris/Singlets,44153,46750,94.44491978609626,50000,88.306
C,F09,F09_003_20230314_151452.fcs,/Debris/Singlets/Live,44145,44153,99.98188118587639,50000,88.29
A,G01,G01_001_20230314_134524.fcs,/Debris,45956,50000,91.912,50000,91.912
A,G01,G01_001_20230314_134524.fcs,/Debris/Singlets,43300,45956,94.22055879536948,50000,86.6
A,G01,G01_001_20230314_134524.fcs,/Debris/Singlets/Live,42297,43300,97.68360277136259,50000,84.59400000000001
B,G01,G01_002_20230314_143058.fcs,/Debris,46053,50000,92.106,50000,92.106
B,G01,G01_002_20230314_143058.fcs,/Debris/Singlets,43661,46053,94.80598440926758,50000,87.322
B,G01,G01_002_20230314_143058.fcs,/Debris/Singlets/Live,43418,43661,99.44343922493759,50000,86.836
C,G01,G01_003_20230314_151537.fcs,/Debris,46364,50000,92.728,50000,92.728
C,G01,G01_003_20230314_151537.fcs,/Debris/Singlets,43905,46364,94.69631610732465,50000,87.81
C,G01,G01_003_20230314_151537.fcs,/Debris/Singlets/Live,43503,43905,99.0843867441066,50000,87.006
A,G02,G02_001_20230314_134551.fcs,/Debris,46320,50000,92.64,50000,92.64
A,G02,G02_001_20230314_134551.fcs,/Debris/Singlets,44060,46320,95.12089810017271,50000,88.12
A,G02,G02_001_20230314_134551.fcs,/Debris/Singlets/Live,43551,44060,98.84475714934182,50000,87.102
B,G02,G02_002_20230314_143129.fcs,/Debris,46192,50000,92.384,50000,92.384
B,G02,G02_002_20230314_143129.fcs,/Debris/Singlets,43729,46192,94.66790786283339,50000,87.458
B,G02,G02_002_20230314_143129.fcs,/Debris/Singlets/Live,43499,43729,99.47403325024582,50000,86.99799999999999
C,G02,G02_003_20230314_151606.fcs,/Debris,46427,50000,92.854,50000,92.854
C,G02,G02_003_20230314_151606.fcs,/Debris/Singlets,43450,46427,93.58778297111594,50000,86.9
C,G02,G02_003_20230314_151606.fcs,/Debris/Singlets/Live,43214,43450,99.45684695051784,50000,86.42800000000001
A,G03,G03_001_20230314_134621.fcs,/Debris,46238,50000,92.476,50000,92.476
A,G03,G03_001_20230314_134621.fcs,/Debris/Singlets,44270,46238,95.7437605432761,50000,88.53999999999999
A,G03,G03_001_20230314_134621.fcs,/Debris/Singlets/Live,43467,44270,98.18613056245763,50000,86.934
B,G03,G03_002_20230314_143200.fcs,/Debris,46184,50000,92.368,50000,92.368
B,G03,G03_002_20230314_143200.fcs,/Debris/Singlets,44036,46184,95.34903862809631,50000,88.07199999999999
B,G03,G03_002_20230314_143200.fcs,/Debris/Singlets/Live,43804,44036,99.47315832500682,50000,87.608
C,G03,G03_003_20230314_151639.fcs,/Debris,46333,50000,92.666,50000,92.666
C,G03,G03_003_20230314_151639.fcs,/Debris/Singlets,43779,46333,94.48773012755487,50000,87.558
C,G03,G03_003_20230314_151639.fcs,/Debris/Singlets/Live,43516,43779,99.39925535073894,50000,87.032
A,G04,G04_001_20230314_134653.fcs,/Debris,46101,50000,92.202,50000,92.202
A,G04,G04_001_20230314_134653.fcs,/Debris/Singlets,43820,46101,95.05216806576864,50000,87.64
A,G04,G04_001_20230314_134653.fcs,/Debris/Singlets/Live,42765,43820,97.59242355089,50000,85.53
B,G04,G04_002_20230314_143235.fcs,/Debris,46371,50000,92.742,50000,92.742
B,G04,G04_002_20230314_143235.fcs,/Debris/Singlets,43745,46371,94.33697785253715,50000,87.49
B,G04,G04_002_20230314_143235.fcs,/Debris/Singlets/Live,43416,43745,99.2479140473197,50000,86.832
C,G04,G04_003_20230314_151712.fcs,/Debris,46403,50000,92.806,50000,92.806
C,G04,G04_003_20230314_151712.fcs,/Debris/Singlets,43534,46403,93.81721009417494,50000,87.068
C,G04,G04_003_20230314_151712.fcs,/Debris/Singlets/Live,43235,43534,99.31318050259567,50000,86.47
A,G05,G05_001_20230314_134723.fcs,/Debris,46370,50000,92.74,50000,92.74
A,G05,G05_001_20230314_134723.fcs,/Debris/Singlets,43708,46370,94.25921932283804,50000,87.41600000000001
A,G05,G05_001_20230314_134723.fcs,/Debris/Singlets/Live,42570,43708,97.3963576461975,50000,85.14
B,G05,G05_002_20230314_143307.fcs,/Debris,45906,50000,91.81200000000001,50000,91.81200000000001
B,G05,G05_002_20230314_143307.fcs,/Debris/Singlets,42958,45906,93.5781815013288,50000,85.916
B,G05,G05_002_20230314_143307.fcs,/Debris/Singlets/Live,42480,42958,98.88728525536571,50000,84.96000000000001
C,G05,G05_003_20230314_151745.fcs,/Debris,46544,50000,93.08800000000001,50000,93.08800000000001
C,G05,G05_003_20230314_151745.fcs,/Debris/Singlets,43413,46544,93.27303196974906,50000,86.82600000000001
C,G05,G05_003_20230314_151745.fcs,/Debris/Singlets/Live,42852,43413,98.70776034828278,50000,85.70400000000001
A,G06,G06_001_20230314_134808.fcs,/Debris,46033,50000,92.066,50000,92.066
A,G06,G06_001_20230314_134808.fcs,/Debris/Singlets,43316,46033,94.09771251059023,50000,86.632
A,G06,G06_001_20230314_134808.fcs,/Debris/Singlets/Live,41471,43316,95.74060393388125,50000,82.94200000000001
C,G06,G06_003_20230314_151819.fcs,/Debris,46401,50000,92.80199999999999,50000,92.80199999999999
C,G06,G06_003_20230314_151819.fcs,/Debris/Singlets,43004,46401,92.6790370897179,50000,86.008
C,G06,G06_003_20230314_151819.fcs,/Debris/Singlets/Live,42397,43004,98.58850339503303,50000,84.794
A,G07,G07_001_20230314_134842.fcs,/Debris,45669,50000,91.338,50000,91.338
A,G07,G07_001_20230314_134842.fcs,/Debris/Singlets,42839,45669,93.80323633099039,50000,85.678
A,G07,G07_001_20230314_134842.fcs,/Debris/Singlets/Live,36306,42839,84.7498774481197,50000,72.612
B,G07,G07_002_20230314_143440.fcs,/Debris,45556,50000,91.11200000000001,50000,91.11200000000001
B,G07,G07_002_20230314_143440.fcs,/Debris/Singlets,42912,45556,94.19615418386162,50000,85.824
B,G07,G07_002_20230314_143440.fcs,/Debris/Singlets/Live,40078,42912,93.39578672632364,50000,80.156
C,G07,G07_003_20230314_151857.fcs,/Debris,45770,50000,91.53999999999999,50000,91.53999999999999
C,G07,G07_003_20230314_151857.fcs,/Debris/Singlets,42547,45770,92.95826960891414,50000,85.09400000000001
C,G07,G07_003_20230314_151857.fcs,/Debris/Singlets/Live,39987,42547,93.98312454462125,50000,79.974
B,G08,G08_002_20230314_143536.fcs,/Debris,956,13408,7.130071599045346,13408,7.130071599045346
B,G08,G08_002_20230314_143536.fcs,/Debris/Singlets,273,956,28.556485355648537,13408,2.0360978520286395
B,G08,G08_002_20230314_143536.fcs,/Debris/Singlets/Live,164,273,60.07326007326007,13408,1.2231503579952268
C,G08,G08_003_20230314_151933.fcs,/Debris,46525,50000,93.05,50000,93.05
C,G08,G08_003_20230314_151933.fcs,/Debris/Singlets,43373,46525,93.22514777001612,50000,86.746
C,G08,G08_003_20230314_151933.fcs,/Debris/Singlets/Live,42734,43373,98.52673322112835,50000,85.468
A,G09,G09_001_20230314_135016.fcs,/Debris,46013,50000,92.026,50000,92.026
A,G09,G09_001_20230314_135016.fcs,/Debris/Singlets,43110,46013,93.6909134375068,50000,86.22
A,G09,G09_001_20230314_135016.fcs,/Debris/Singlets/Live,43107,43110,99.99304105775923,50000,86.214
B,G09,G09_002_20230314_143631.fcs,/Debris,46186,50000,92.372,50000,92.372
B,G09,G09_002_20230314_143631.fcs,/Debris/Singlets,42583,46186,92.19893474212965,50000,85.166
B,G09,G09_002_20230314_143631.fcs,/Debris/Singlets/Live,42579,42583,99.99060658009064,50000,85.158
C,G09,G09_003_20230314_152015.fcs,/Debris,46183,50000,92.366,50000,92.366
C,G09,G09_003_20230314_152015.fcs,/Debris/Singlets,42708,46183,92.47558625468247,50000,85.416
C,G09,G09_003_20230314_152015.fcs,/Debris/Singlets/Live,42701,42708,99.98360962817272,50000,85.402
